EmployeeID,Age,LengthOfService,Retired,DistanceFromHome,EngagementScore,SatisfactionScore,SalaryLastYear,SalaryThisYear,SalaryHikeSinceLastYear
1,56,28.0,False,21.4,4.4,2.2,85080000.0,94620000.0,0.1121
2,46,17.2,False,1.5,1.9,3.0,116260000.0,118470000.0,0.019
3,32,8.5,False,24.0,2.5,4.2,199320000.0,207310000.0,0.0401
4,25,17.2,False,33.1,4.2,4.0,105420000.0,114140000.0,0.0827
5,38,5.4,False,5.9,4.3,3.6,166890000.0,173770000.0,0.0412
6,56,6.7,False,14.4,2.5,1.6,97770000.0,114910000.0,0.1753
7,36,18.9,False,19.9,2.8,3.2,163350000.0,168520000.0,0.0316
8,40,15.9,False,46.0,2.2,1.3,127170000.0,138760000.0,0.0911
9,28,34.8,False,49.7,4.7,2.5,179590000.0,201350000.0,0.1212
10,28,13.8,False,2.2,1.5,2.7,93970000.0,106970000.0,0.1383
11,41,22.1,False,38.1,4.7,1.2,128770000.0,138640000.0,0.0766
12,53,24.0,False,18.6,3.7,2.1,133400000.0,156590000.0,0.1738
13,41,0.5,False,19.6,3.1,4.8,95130000.0,105940000.0,0.1136
14,20,25.2,False,37.7,1.1,4.8,45980000.0,50020000.0,0.0879
15,39,6.8,False,45.9,2.9,2.4,36840000.0,37340000.0,0.0136
16,19,36.5,False,47.5,2.6,1.2,23000000.0,25140000.0,0.093
17,41,5.6,False,28.9,1.6,1.7,177240000.0,206330000.0,0.1641
18,47,15.8,False,17.9,3.6,2.6,62570000.0,70260000.0,0.1229
19,55,3.2,False,39.4,4.9,4.8,58070000.0,67730000.0,0.1664
20,19,37.9,False,12.6,3.2,1.6,152490000.0,167560000.0,0.0988
21,38,19.1,False,28.2,3.9,4.1,77600000.0,79440000.0,0.0237
22,50,22.6,False,17.9,1.3,1.4,111090000.0,111390000.0,0.0027
23,29,2.5,False,32.8,2.7,4.9,49250000.0,52240000.0,0.0607
24,39,28.5,False,12.0,1.5,2.5,192750000.0,219660000.0,0.1396
25,42,8.0,False,9.6,3.5,4.1,173280000.0,200670000.0,0.1581
26,44,34.1,False,45.9,4.8,2.4,175480000.0,185860000.0,0.0592
27,45,7.8,False,5.1,3.6,3.5,93220000.0,102460000.0,0.0991
28,33,7.2,False,25.3,1.3,1.8,157230000.0,170470000.0,0.0842
29,32,1.4,False,11.0,2.4,1.6,45900000.0,49670000.0,0.0821
30,20,17.9,False,1.9,3.2,4.8,21550000.0,22550000.0,0.0464
31,54,21.5,False,1.8,2.6,4.7,23600000.0,24240000.0,0.0271
32,24,2.5,False,8.8,4.3,4.5,125590000.0,130530000.0,0.0393
33,38,29.5,False,43.3,4.3,3.5,101970000.0,103100000.0,0.0111
34,26,17.2,False,14.1,3.4,4.2,113240000.0,117730000.0,0.0397
35,56,19.9,False,47.5,2.5,1.3,21340000.0,21380000.0,0.0019
36,35,16.7,False,29.1,2.0,2.3,96080000.0,108130000.0,0.1254
37,21,15.2,False,21.8,1.4,2.3,149250000.0,158690000.0,0.0632
38,42,21.3,False,29.0,2.4,3.5,99680000.0,119080000.0,0.1946
39,31,5.9,True,25.8,2.7,2.4,151800000.0,157680000.0,0.0387
40,26,6.9,False,37.9,3.7,1.6,61940000.0,66220000.0,0.0691
41,43,32.7,False,14.1,3.6,3.4,166370000.0,178280000.0,0.0716
42,19,36.0,False,17.7,1.3,4.3,125920000.0,126130000.0,0.0017
43,37,14.2,False,44.7,2.6,2.5,57940000.0,67660000.0,0.1678
44,45,10.3,False,47.3,1.7,1.5,62610000.0,63010000.0,0.0064
45,24,24.5,False,44.6,1.6,1.8,133050000.0,158070000.0,0.188
46,25,15.5,False,21.0,4.3,1.9,169390000.0,199610000.0,0.1784
47,52,1.0,False,39.0,1.2,2.2,94810000.0,104960000.0,0.1071
48,31,5.9,False,23.8,2.7,3.6,66490000.0,73720000.0,0.1087
49,34,27.2,False,24.9,1.7,3.4,176060000.0,199080000.0,0.1308
50,53,25.0,False,10.2,4.5,3.8,140470000.0,151340000.0,0.0774
51,21,1.0,False,29.6,3.2,2.5,100660000.0,113690000.0,0.1294
52,19,8.4,False,9.3,1.9,4.3,107820000.0,108790000.0,0.009
53,23,8.8,False,16.6,3.0,1.8,56770000.0,57380000.0,0.0107
54,21,25.5,False,42.8,3.9,2.9,132820000.0,144970000.0,0.0915
55,46,0.7,False,10.4,4.8,4.2,84570000.0,93870000.0,0.11
56,35,4.0,False,3.6,1.9,1.7,199220000.0,234590000.0,0.1775
57,43,30.4,False,3.5,4.5,1.4,106430000.0,108660000.0,0.021
58,51,6.8,False,47.0,4.7,4.5,107460000.0,125140000.0,0.1645
59,27,24.8,True,25.3,4.7,2.4,121850000.0,126970000.0,0.042
60,53,9.1,False,20.5,3.5,3.7,185020000.0,199600000.0,0.0788
61,31,3.8,False,40.5,3.5,1.1,164150000.0,174540000.0,0.0633
62,48,9.2,False,41.8,2.6,3.8,101200000.0,109300000.0,0.08
63,32,27.4,True,16.6,4.0,2.3,149370000.0,153870000.0,0.0301
64,25,32.5,False,34.7,3.1,1.2,125520000.0,138160000.0,0.1007
65,31,31.5,False,38.6,3.7,3.4,108630000.0,126050000.0,0.1604
66,40,15.1,False,32.7,2.7,2.0,54620000.0,59440000.0,0.0882
67,38,25.4,False,7.6,3.9,2.5,103510000.0,113670000.0,0.0982
68,33,7.8,False,43.8,4.3,1.3,64250000.0,75160000.0,0.1698
69,35,11.1,False,27.0,1.6,1.6,184670000.0,210750000.0,0.1412
70,41,34.1,False,14.1,4.3,2.2,80370000.0,88250000.0,0.098
71,43,0.5,False,21.3,3.2,1.4,191410000.0,201280000.0,0.0516
72,42,3.2,False,1.9,4.4,4.6,115950000.0,136470000.0,0.177
73,46,7.9,False,6.4,2.7,1.0,133680000.0,149110000.0,0.1154
74,32,1.0,True,38.3,2.5,2.9,117730000.0,122940000.0,0.0443
75,18,6.9,False,0.0,4.7,1.5,43290000.0,45620000.0,0.0538
76,42,22.2,True,20.8,2.0,2.2,87650000.0,101730000.0,0.1606
77,24,16.0,False,26.1,4.4,4.7,37850000.0,38180000.0,0.0087
78,26,33.9,False,2.7,2.9,1.6,132130000.0,158350000.0,0.1984
79,41,31.1,False,48.7,3.1,4.9,100440000.0,103060000.0,0.0261
80,18,13.0,False,11.3,2.2,1.8,160040000.0,185520000.0,0.1592
81,25,9.9,False,15.2,3.3,4.0,59680000.0,64390000.0,0.0789
82,41,14.4,False,15.2,2.3,3.2,49620000.0,54500000.0,0.0983
83,28,22.4,False,11.5,1.2,4.5,93140000.0,109540000.0,0.1761
84,34,10.2,False,0.1,2.1,3.2,186790000.0,202220000.0,0.0826
85,25,23.7,False,36.5,1.0,3.1,147880000.0,163780000.0,0.1075
86,52,15.6,False,48.3,4.9,1.8,95410000.0,96350000.0,0.0099
87,52,21.0,False,11.2,4.9,1.7,113110000.0,113160000.0,0.0004
88,50,16.6,False,33.2,2.6,4.7,35160000.0,36880000.0,0.0489
89,22,11.2,False,37.1,3.9,2.3,197220000.0,224060000.0,0.1361
90,56,36.0,False,42.4,2.4,2.5,139950000.0,143340000.0,0.0242
91,45,29.0,False,21.1,3.7,4.0,71370000.0,72990000.0,0.0227
92,24,5.3,False,15.1,4.2,2.4,125450000.0,135760000.0,0.0822
93,26,33.0,False,16.3,4.8,4.8,39710000.0,44860000.0,0.1297
94,25,18.5,True,35.6,2.6,4.0,193850000.0,221460000.0,0.1424
95,29,34.0,False,40.8,4.1,3.4,51460000.0,53300000.0,0.0358
96,51,30.4,False,9.1,2.1,4.5,136650000.0,138830000.0,0.016
97,50,16.2,False,18.5,5.0,1.2,64180000.0,76250000.0,0.1881
98,40,0.9,True,45.1,1.1,2.0,149160000.0,156940000.0,0.0522
99,41,10.2,False,40.3,3.4,2.9,159830000.0,187110000.0,0.1707
100,54,20.6,False,49.2,3.6,1.9,141220000.0,165610000.0,0.1727
101,52,24.1,False,37.7,3.8,4.0,130610000.0,150790000.0,0.1545
102,39,9.8,True,19.7,1.5,4.7,180640000.0,186740000.0,0.0338
103,44,5.3,False,29.5,4.8,2.7,34150000.0,39760000.0,0.1643
104,52,31.7,False,33.1,1.7,2.4,79560000.0,91800000.0,0.1538
105,18,37.4,False,3.9,3.5,4.8,64690000.0,72410000.0,0.1193
106,52,20.0,False,27.2,1.9,2.8,197840000.0,211180000.0,0.0674
107,54,6.5,False,35.5,2.2,3.0,90090000.0,94820000.0,0.0525
108,31,10.3,False,8.4,3.2,2.4,151870000.0,155570000.0,0.0244
109,20,0.7,False,39.0,2.7,4.6,143250000.0,157850000.0,0.1019
110,18,34.7,False,29.2,1.6,3.3,58170000.0,64980000.0,0.1171
111,22,4.5,False,47.6,1.7,4.0,63020000.0,67550000.0,0.0719
112,43,21.9,True,2.1,2.7,4.2,70630000.0,77340000.0,0.095
113,31,10.4,True,13.3,4.0,2.4,94000000.0,100830000.0,0.0727
114,56,21.1,False,30.1,4.6,2.7,62180000.0,70150000.0,0.1282
115,44,24.8,False,14.8,1.3,4.4,23540000.0,27780000.0,0.1801
116,26,31.5,False,35.7,2.6,2.5,178290000.0,184140000.0,0.0328
117,32,7.8,False,38.0,1.4,4.2,193810000.0,208590000.0,0.0763
118,32,0.4,False,5.1,1.1,4.8,81480000.0,83780000.0,0.0282
119,43,5.2,False,25.7,3.6,3.5,80930000.0,91050000.0,0.125
120,30,34.2,False,25.4,3.4,4.0,21280000.0,24380000.0,0.1457
121,49,33.2,False,18.5,1.7,4.2,142450000.0,169000000.0,0.1864
122,56,22.7,False,46.6,1.9,4.4,168580000.0,177980000.0,0.0558
123,49,22.8,True,41.4,1.1,2.6,46390000.0,55210000.0,0.1901
124,21,25.3,False,34.9,4.3,1.2,48740000.0,49360000.0,0.0127
125,47,6.7,False,35.7,4.9,2.6,162210000.0,181770000.0,0.1206
126,54,34.7,False,23.1,1.5,3.7,130930000.0,132430000.0,0.0115
127,40,15.9,False,46.0,1.9,2.8,28070000.0,33090000.0,0.1788
128,56,14.6,False,34.7,4.5,4.0,132060000.0,146050000.0,0.1059
129,32,19.7,False,36.4,4.7,2.4,75610000.0,85730000.0,0.1338
130,46,1.8,False,43.1,2.7,3.5,86370000.0,100730000.0,0.1663
131,53,6.3,False,13.7,1.2,1.7,158550000.0,163320000.0,0.0301
132,30,28.0,False,40.4,1.2,4.0,165970000.0,167250000.0,0.0077
133,49,3.1,False,9.8,3.3,3.2,92060000.0,108240000.0,0.1758
134,24,22.9,False,17.3,2.6,1.8,190490000.0,202490000.0,0.063
135,39,9.3,False,16.8,1.1,2.2,93160000.0,95560000.0,0.0258
136,45,14.8,False,48.9,3.3,4.0,158930000.0,173820000.0,0.0937
137,19,11.0,False,42.8,1.0,2.9,107100000.0,119920000.0,0.1197
138,23,13.5,False,35.1,4.1,1.9,181560000.0,182680000.0,0.0062
139,45,27.3,False,36.4,2.2,4.9,183400000.0,193480000.0,0.055
140,45,11.3,False,28.1,1.2,3.9,35740000.0,35970000.0,0.0064
141,37,21.5,False,47.4,3.4,4.8,188570000.0,204420000.0,0.0841
142,47,18.1,True,24.8,2.6,2.7,168600000.0,198780000.0,0.179
143,28,25.2,True,19.0,4.9,2.9,162440000.0,194360000.0,0.1965
144,45,35.6,False,8.2,3.2,4.6,56160000.0,63320000.0,0.1275
145,42,27.8,False,39.3,2.1,3.1,164920000.0,170250000.0,0.0323
146,56,8.2,False,36.7,3.8,3.8,173020000.0,204370000.0,0.1812
147,50,1.2,False,19.2,2.1,2.0,72050000.0,79490000.0,0.1033
148,18,10.0,False,1.3,4.6,2.8,191410000.0,197300000.0,0.0308
149,44,22.6,False,41.9,2.5,1.5,28970000.0,34310000.0,0.1843
150,30,2.0,False,0.6,3.2,1.8,46980000.0,54100000.0,0.1516
151,20,18.9,False,35.2,1.2,1.0,116760000.0,133850000.0,0.1464
152,56,22.7,False,48.5,2.7,1.2,123640000.0,141180000.0,0.1419
153,23,12.7,False,21.9,4.3,4.9,136130000.0,141580000.0,0.04
154,25,29.3,False,11.7,4.2,2.0,23050000.0,24020000.0,0.0421
155,44,4.1,False,35.2,1.9,3.7,192870000.0,219420000.0,0.1377
156,26,2.9,False,40.9,1.9,4.4,28030000.0,29260000.0,0.0439
157,54,27.7,False,27.3,4.3,3.2,45750000.0,49760000.0,0.0877
158,50,18.8,True,48.4,4.7,1.6,22520000.0,26040000.0,0.1563
159,41,26.2,False,2.6,1.4,3.9,122030000.0,141160000.0,0.1568
160,32,16.5,False,25.2,2.8,3.4,187810000.0,204840000.0,0.0907
161,49,9.4,False,35.9,2.3,3.9,139870000.0,162030000.0,0.1584
162,49,31.1,False,43.1,4.5,4.1,168080000.0,196270000.0,0.1677
163,41,30.4,False,9.0,1.3,4.9,22390000.0,25320000.0,0.1309
164,29,26.4,False,40.0,1.8,3.3,117560000.0,122930000.0,0.0457
165,56,10.3,False,27.6,4.0,2.4,102720000.0,108350000.0,0.0548
166,19,22.4,False,19.8,1.2,3.6,109810000.0,116720000.0,0.0629
167,20,13.7,False,6.6,3.0,1.3,33000000.0,33770000.0,0.0233
168,54,3.5,False,43.3,2.8,4.6,143200000.0,151020000.0,0.0546
169,34,34.9,False,7.9,2.3,1.5,110580000.0,115210000.0,0.0419
170,19,5.2,True,15.5,2.6,2.3,157730000.0,172090000.0,0.091
171,19,36.1,True,14.5,3.1,4.3,107350000.0,126850000.0,0.1816
172,45,16.9,False,43.6,1.6,3.4,46890000.0,47870000.0,0.0209
173,40,7.0,False,33.6,3.3,2.6,136690000.0,156380000.0,0.144
174,54,20.6,False,39.8,4.2,2.9,51030000.0,58040000.0,0.1374
175,49,33.2,False,12.5,4.0,4.4,177030000.0,180420000.0,0.0191
176,50,27.8,False,31.2,1.6,2.4,130360000.0,154410000.0,0.1845
177,18,30.6,False,28.6,1.6,4.5,48300000.0,53790000.0,0.1137
178,36,25.0,False,41.6,2.1,1.4,193220000.0,207280000.0,0.0728
179,19,26.3,False,45.3,2.4,4.1,113310000.0,130450000.0,0.1513
180,43,32.3,False,0.6,2.6,4.4,33120000.0,34820000.0,0.0513
181,49,9.5,True,33.7,3.7,1.7,132830000.0,151250000.0,0.1387
182,23,18.6,False,2.6,1.2,2.7,65580000.0,66100000.0,0.0079
183,49,8.4,True,27.4,1.1,1.7,164660000.0,192300000.0,0.1679
184,21,37.5,True,14.4,2.6,3.8,167210000.0,182200000.0,0.0896
185,28,35.9,False,15.3,3.8,3.1,196210000.0,221200000.0,0.1274
186,34,1.5,False,17.6,1.8,3.5,110340000.0,115220000.0,0.0442
187,55,26.8,False,31.1,3.6,1.8,101890000.0,115690000.0,0.1354
188,41,35.2,False,16.7,2.0,1.8,155630000.0,179670000.0,0.1545
189,22,6.9,False,36.6,4.5,1.2,43840000.0,47990000.0,0.0947
190,51,21.6,False,20.2,4.6,2.3,118440000.0,133070000.0,0.1235
191,23,34.8,True,3.4,2.2,3.2,118320000.0,129120000.0,0.0913
192,39,1.3,False,39.2,1.9,4.4,36110000.0,42570000.0,0.1789
193,28,26.5,False,14.3,2.6,3.7,95240000.0,104720000.0,0.0995
194,33,11.3,False,21.6,2.0,2.7,173590000.0,202820000.0,0.1684
195,50,35.1,False,34.3,3.7,4.8,174110000.0,202010000.0,0.1602
196,26,36.9,True,16.6,4.3,3.9,37860000.0,40970000.0,0.0821
197,23,35.9,False,2.8,3.7,4.7,36330000.0,38000000.0,0.046
198,33,18.0,False,18.7,4.3,3.1,67290000.0,72760000.0,0.0813
199,46,32.8,False,47.2,2.6,2.0,177460000.0,206780000.0,0.1652
200,20,32.1,False,32.1,1.6,1.2,43200000.0,45170000.0,0.0456
201,37,12.1,False,33.6,4.0,3.9,149600000.0,165290000.0,0.1049
202,53,31.5,False,31.6,2.4,1.5,38210000.0,44370000.0,0.1612
203,36,1.4,False,9.9,3.7,2.2,132160000.0,141500000.0,0.0707
204,43,22.7,False,20.9,2.1,3.1,84090000.0,94890000.0,0.1284
205,20,8.7,False,37.5,1.3,3.3,162000000.0,169960000.0,0.0491
206,36,4.6,False,5.1,5.0,3.4,62060000.0,63420000.0,0.0219
207,37,2.9,False,13.9,1.6,1.7,135060000.0,156520000.0,0.1589
208,49,26.5,False,13.8,5.0,2.5,62420000.0,63660000.0,0.0199
209,24,12.9,False,21.6,4.9,3.5,148460000.0,156520000.0,0.0543
210,50,27.5,False,49.0,4.2,4.9,177260000.0,207580000.0,0.171
211,56,2.5,False,3.4,3.6,3.9,42820000.0,45790000.0,0.0694
212,35,12.0,False,25.9,3.3,4.7,175990000.0,210240000.0,0.1946
213,18,20.5,False,9.0,4.5,4.0,126840000.0,151690000.0,0.1959
214,28,30.0,False,48.5,2.2,3.4,42880000.0,45180000.0,0.0536
215,45,12.1,False,5.7,2.9,1.8,96960000.0,97750000.0,0.0081
216,42,23.8,False,20.2,3.5,3.7,48950000.0,55850000.0,0.141
217,40,33.7,False,36.9,2.6,3.5,146060000.0,159230000.0,0.0902
218,48,23.4,False,35.2,2.7,3.4,156600000.0,159760000.0,0.0202
219,47,8.9,True,21.1,2.3,3.0,39040000.0,44560000.0,0.1414
220,52,0.9,False,17.3,3.3,3.1,111110000.0,111800000.0,0.0062
221,24,33.1,False,19.9,4.4,2.3,166630000.0,195630000.0,0.174
222,33,0.8,True,13.2,1.8,3.1,188510000.0,193740000.0,0.0277
223,43,33.2,False,10.3,4.7,1.8,112430000.0,115290000.0,0.0254
224,19,20.1,False,24.2,3.8,4.2,191050000.0,197760000.0,0.0351
225,18,35.7,False,13.4,4.3,1.7,116420000.0,138780000.0,0.1921
226,29,30.4,False,14.4,3.2,1.3,90950000.0,103560000.0,0.1386
227,22,37.9,False,32.8,4.1,2.7,172680000.0,200360000.0,0.1603
228,54,13.3,False,48.4,1.1,3.6,108740000.0,117390000.0,0.0795
229,49,29.2,False,30.2,4.3,2.8,104940000.0,112000000.0,0.0673
230,26,15.3,False,3.8,1.2,2.1,108260000.0,113340000.0,0.0469
231,52,18.2,False,3.8,4.6,3.2,172420000.0,188990000.0,0.0961
232,36,23.8,False,47.6,5.0,2.4,169750000.0,188480000.0,0.1103
233,33,33.2,True,14.9,2.2,4.7,92630000.0,104330000.0,0.1263
234,20,37.4,False,4.6,1.8,4.7,79990000.0,84100000.0,0.0514
235,37,29.2,False,30.0,4.1,3.0,108550000.0,129150000.0,0.1898
236,41,15.9,False,31.2,2.0,2.3,123100000.0,127280000.0,0.034
237,50,16.0,True,32.4,4.5,3.9,62900000.0,75050000.0,0.1932
238,41,28.0,False,13.4,1.4,1.1,162910000.0,163390000.0,0.0029
239,28,9.1,False,0.8,1.5,2.9,107570000.0,117920000.0,0.0962
240,25,4.2,False,48.3,4.9,2.3,80130000.0,85470000.0,0.0666
241,53,13.5,False,12.5,3.7,4.7,39230000.0,42750000.0,0.0897
242,55,10.9,False,33.8,4.4,1.0,62990000.0,70180000.0,0.1141
243,37,11.3,False,35.3,2.3,3.2,190870000.0,207500000.0,0.0871
244,52,8.9,False,30.5,3.7,4.0,74920000.0,81140000.0,0.083
245,42,1.6,False,15.6,3.4,2.9,50390000.0,57770000.0,0.1465
246,52,0.7,False,13.6,3.4,1.3,102920000.0,117040000.0,0.1372
247,42,37.5,False,29.9,3.7,4.9,75280000.0,87830000.0,0.1667
248,46,16.3,False,43.3,3.3,3.1,26330000.0,27650000.0,0.0501
249,35,14.6,False,47.3,2.7,3.5,78170000.0,87700000.0,0.1219
250,35,25.8,False,5.3,2.1,1.9,117940000.0,131740000.0,0.117
251,19,8.3,False,7.7,4.1,2.9,119310000.0,128130000.0,0.0739
252,52,36.1,False,47.2,1.9,2.7,84180000.0,92360000.0,0.0972
253,33,29.9,True,36.8,3.8,1.3,100510000.0,106820000.0,0.0628
254,53,3.4,True,44.1,1.9,1.4,193790000.0,199290000.0,0.0284
255,50,15.9,False,10.1,3.5,4.3,87920000.0,91680000.0,0.0428
256,21,33.4,False,29.4,4.0,2.0,66480000.0,67880000.0,0.0211
257,50,35.9,False,35.1,1.9,1.8,63820000.0,72540000.0,0.1366
258,31,17.8,False,34.0,1.2,3.0,102400000.0,115930000.0,0.1321
259,38,23.3,False,20.4,1.5,4.1,156710000.0,186500000.0,0.1901
260,37,6.3,False,0.8,3.4,1.2,57080000.0,65410000.0,0.1459
261,25,37.7,False,29.1,4.4,3.3,147670000.0,149210000.0,0.0104
262,24,8.8,False,12.7,1.2,1.5,23810000.0,28020000.0,0.1768
263,20,35.8,False,22.5,3.9,1.1,95410000.0,111870000.0,0.1725
264,34,24.7,False,47.9,2.4,1.2,159660000.0,173820000.0,0.0887
265,50,23.1,False,20.0,2.9,4.3,80970000.0,90460000.0,0.1172
266,29,19.5,False,42.0,4.7,1.5,121470000.0,145180000.0,0.1952
267,39,8.8,False,9.4,2.3,1.2,56900000.0,62960000.0,0.1065
268,39,6.7,False,33.6,2.9,2.8,153560000.0,181360000.0,0.181
269,47,8.4,False,48.9,1.1,4.4,29410000.0,29900000.0,0.0167
270,55,7.1,False,5.1,1.3,2.0,173460000.0,180090000.0,0.0382
271,55,29.6,False,0.4,2.0,2.7,55680000.0,60590000.0,0.0882
272,25,13.3,False,21.7,1.1,1.2,177390000.0,198140000.0,0.117
273,44,2.2,False,4.6,3.5,2.8,83460000.0,97080000.0,0.1632
274,44,36.8,False,37.4,2.7,3.3,150080000.0,179740000.0,0.1976
275,51,33.6,False,45.7,3.2,3.3,77460000.0,83480000.0,0.0777
276,38,35.3,False,21.7,1.7,2.3,183060000.0,184800000.0,0.0095
277,47,37.8,False,12.9,2.2,2.3,42790000.0,49650000.0,0.1603
278,50,6.6,False,21.7,3.7,1.4,52130000.0,58430000.0,0.1209
279,45,15.1,False,36.2,4.9,2.5,108750000.0,113070000.0,0.0397
280,50,28.8,False,0.5,1.2,1.4,34750000.0,38190000.0,0.099
281,22,26.4,False,29.5,4.6,4.1,55280000.0,63490000.0,0.1485
282,36,5.8,False,30.7,3.3,4.9,189880000.0,219140000.0,0.1541
283,21,31.0,False,31.9,3.3,4.9,195770000.0,215330000.0,0.0999
284,52,8.5,False,12.1,3.0,4.5,87730000.0,93090000.0,0.0611
285,34,8.5,False,35.7,1.3,3.4,186190000.0,222450000.0,0.1947
286,45,20.4,False,4.6,1.4,3.8,118070000.0,133730000.0,0.1326
287,47,22.5,False,10.0,3.4,2.1,68550000.0,74150000.0,0.0817
288,46,22.0,False,43.9,2.4,3.5,146430000.0,154640000.0,0.0561
289,23,3.5,False,36.9,4.7,2.8,138600000.0,158870000.0,0.1462
290,52,33.3,False,0.7,2.6,2.9,198040000.0,207630000.0,0.0484
291,54,10.1,True,12.4,1.6,4.0,67710000.0,70040000.0,0.0344
292,41,4.9,False,10.7,3.9,2.1,140970000.0,155910000.0,0.106
293,46,33.8,False,13.5,2.2,2.3,29360000.0,31060000.0,0.0579
294,48,36.3,False,12.4,3.1,4.7,40460000.0,45550000.0,0.1258
295,52,32.8,False,3.1,3.8,1.2,20710000.0,21200000.0,0.0237
296,50,30.8,False,22.9,4.6,2.9,199900000.0,226080000.0,0.131
297,38,24.9,False,36.6,4.2,4.7,164410000.0,173730000.0,0.0567
298,49,20.9,False,30.3,3.7,3.4,161610000.0,161620000.0,0.0001
299,40,3.3,False,33.6,3.7,3.2,111750000.0,114590000.0,0.0254
300,50,15.5,False,4.1,4.8,2.0,74010000.0,87830000.0,0.1867
301,20,14.2,False,47.6,2.2,2.4,47230000.0,55420000.0,0.1734
302,35,9.9,False,41.9,1.0,4.4,71240000.0,74570000.0,0.0467
303,42,27.5,False,40.3,2.1,3.2,87670000.0,101320000.0,0.1557
304,48,18.8,True,41.1,1.9,3.1,156140000.0,175140000.0,0.1217
305,20,3.1,False,46.6,3.6,1.4,117140000.0,139890000.0,0.1942
306,41,8.4,False,27.2,3.5,1.1,33950000.0,36490000.0,0.0748
307,49,26.0,False,10.0,3.4,4.9,23250000.0,26420000.0,0.1363
308,39,2.9,False,30.8,1.1,2.5,38420000.0,38910000.0,0.0128
309,40,32.3,True,37.1,3.9,3.4,93890000.0,101330000.0,0.0792
310,19,18.8,False,36.9,2.3,1.3,187970000.0,224200000.0,0.1927
311,44,18.3,False,26.1,3.7,3.7,134730000.0,149250000.0,0.1078
312,19,22.5,False,3.4,3.2,4.7,164330000.0,173790000.0,0.0576
313,43,31.3,False,18.6,2.4,3.3,103950000.0,106450000.0,0.0241
314,34,13.2,False,46.0,1.5,1.5,85100000.0,97070000.0,0.1407
315,50,25.8,False,29.2,1.4,3.3,39510000.0,44610000.0,0.1291
316,26,21.5,False,26.9,4.3,4.1,177670000.0,190960000.0,0.0748
317,56,10.1,False,13.4,4.7,2.6,160970000.0,191580000.0,0.1902
318,46,33.4,False,18.4,3.6,4.5,50260000.0,50480000.0,0.0044
319,43,30.3,False,44.8,1.4,3.6,112210000.0,119030000.0,0.0608
320,52,25.0,False,33.3,2.6,4.6,107730000.0,127580000.0,0.1843
321,42,32.3,False,39.4,3.9,3.5,132520000.0,141030000.0,0.0642
322,41,33.0,False,22.7,4.1,1.5,190310000.0,199910000.0,0.0504
323,30,26.9,False,31.5,1.5,2.2,124360000.0,137650000.0,0.1069
324,24,31.8,False,12.4,1.0,1.8,117240000.0,136560000.0,0.1648
325,53,26.5,False,35.3,3.8,4.6,29060000.0,29660000.0,0.0206
326,37,25.8,False,21.4,2.4,4.0,31320000.0,37230000.0,0.1887
327,18,23.5,False,22.1,2.0,3.7,53720000.0,62260000.0,0.159
328,25,28.6,False,32.5,1.1,2.2,25840000.0,26780000.0,0.0364
329,33,6.0,False,46.8,3.2,1.7,153800000.0,175700000.0,0.1424
330,31,33.5,False,3.2,4.4,4.0,150200000.0,161760000.0,0.077
331,29,33.1,False,41.2,4.8,2.9,44490000.0,48070000.0,0.0805
332,40,1.1,False,14.6,3.3,1.9,170490000.0,197200000.0,0.1567
333,32,31.4,False,22.2,3.1,3.5,47860000.0,57080000.0,0.1926
334,45,4.9,False,1.1,1.3,1.2,74210000.0,76090000.0,0.0253
335,51,12.7,False,15.1,3.2,2.3,64820000.0,70270000.0,0.0841
336,19,28.3,False,25.1,2.5,2.9,87020000.0,95390000.0,0.0962
337,49,6.1,False,2.8,3.4,1.6,65840000.0,70800000.0,0.0753
338,40,31.1,False,24.6,2.6,4.9,108010000.0,115860000.0,0.0727
339,39,31.6,False,46.4,2.0,1.8,93330000.0,94310000.0,0.0105
340,42,19.3,False,5.3,1.4,1.5,197580000.0,224670000.0,0.1371
341,39,0.2,False,38.2,2.3,1.8,30070000.0,32690000.0,0.0871
342,39,10.9,False,20.5,1.4,4.1,45590000.0,47370000.0,0.039
343,23,23.4,False,32.8,1.7,2.7,29510000.0,34330000.0,0.1633
344,32,37.3,True,13.0,4.9,3.3,132650000.0,153940000.0,0.1605
345,54,24.0,False,8.0,2.8,1.1,29810000.0,32710000.0,0.0973
346,50,9.9,False,8.0,3.1,1.1,170560000.0,180740000.0,0.0597
347,25,24.1,False,3.5,4.5,2.8,112150000.0,126460000.0,0.1276
348,22,20.5,False,9.3,5.0,4.3,114860000.0,121480000.0,0.0576
349,56,29.6,False,33.2,3.3,4.5,121090000.0,126810000.0,0.0472
350,21,4.1,False,44.1,4.2,1.3,50750000.0,58160000.0,0.146
351,23,28.9,False,40.7,2.3,3.2,55580000.0,56030000.0,0.0081
352,49,20.6,False,34.3,2.2,4.7,77390000.0,78860000.0,0.019
353,47,36.6,False,5.5,2.6,2.6,126830000.0,127000000.0,0.0013
354,52,13.0,False,14.5,3.7,4.3,57820000.0,59590000.0,0.0306
355,33,24.0,True,15.5,3.7,1.5,40940000.0,41500000.0,0.0137
356,30,35.4,False,12.5,2.3,4.7,194620000.0,233380000.0,0.1992
357,47,3.9,False,25.8,1.5,4.0,23960000.0,25340000.0,0.0576
358,36,35.6,False,26.8,3.5,4.8,164490000.0,169400000.0,0.0298
359,34,26.1,False,17.8,1.5,3.7,161850000.0,169650000.0,0.0482
360,36,2.6,False,17.7,3.3,2.5,73500000.0,87260000.0,0.1872
361,45,11.4,False,41.4,3.8,4.8,44410000.0,49030000.0,0.104
362,43,26.9,False,39.5,3.8,2.1,46210000.0,49580000.0,0.0729
363,54,2.6,False,15.4,4.0,2.3,145540000.0,170960000.0,0.1747
364,43,22.1,False,45.7,4.5,3.8,135710000.0,146430000.0,0.079
365,40,13.1,False,47.6,3.0,4.1,160890000.0,171670000.0,0.067
366,26,23.6,False,16.3,3.9,4.7,188750000.0,196570000.0,0.0414
367,29,1.7,False,17.7,3.5,1.8,144550000.0,155470000.0,0.0755
368,18,33.1,False,25.3,1.7,4.2,48050000.0,51090000.0,0.0633
369,18,37.0,False,47.1,1.1,4.0,63820000.0,72470000.0,0.1355
370,51,36.8,False,43.8,2.1,1.3,171590000.0,181530000.0,0.0579
371,49,28.5,False,5.1,2.8,2.5,57680000.0,64340000.0,0.1155
372,42,4.9,False,19.6,3.5,2.1,33050000.0,33490000.0,0.0133
373,18,28.8,False,27.7,4.4,2.2,146590000.0,152200000.0,0.0383
374,33,0.9,False,25.2,1.8,4.9,92450000.0,99980000.0,0.0814
375,56,0.8,False,9.7,1.5,3.6,185610000.0,220390000.0,0.1874
376,22,12.3,True,42.9,4.9,3.9,137050000.0,147390000.0,0.0754
377,39,18.6,False,33.8,1.4,4.9,36280000.0,41100000.0,0.1329
378,46,29.3,False,41.9,2.9,2.5,190610000.0,200330000.0,0.051
379,20,26.0,False,42.9,3.3,4.2,66540000.0,68230000.0,0.0254
380,29,16.9,False,37.4,3.2,2.7,80700000.0,81640000.0,0.0116
381,43,10.4,False,22.0,1.3,4.5,92410000.0,98050000.0,0.061
382,33,37.9,False,30.5,1.2,1.7,29220000.0,30140000.0,0.0315
383,54,16.2,False,8.0,1.4,4.8,109370000.0,113180000.0,0.0348
384,39,17.2,False,33.7,3.3,1.9,42200000.0,48620000.0,0.1521
385,46,6.2,True,9.0,3.2,2.3,92170000.0,92460000.0,0.0031
386,31,30.2,False,34.7,1.9,4.0,83130000.0,92400000.0,0.1115
387,45,26.4,False,11.5,3.6,2.6,159110000.0,171190000.0,0.0759
388,22,8.4,False,5.9,4.3,3.4,164570000.0,181240000.0,0.1013
389,47,3.1,False,8.3,1.2,2.8,47610000.0,52970000.0,0.1126
390,22,25.9,False,0.1,3.0,4.0,85980000.0,91370000.0,0.0627
391,29,24.9,False,35.9,3.8,1.9,87200000.0,92350000.0,0.0591
392,33,10.4,False,36.6,2.0,1.2,47250000.0,54180000.0,0.1467
393,43,36.1,False,25.7,2.2,2.2,163720000.0,192250000.0,0.1743
394,43,5.7,False,8.1,3.5,2.9,147300000.0,152970000.0,0.0385
395,38,16.4,True,4.2,4.6,1.7,54270000.0,55330000.0,0.0195
396,56,35.9,False,1.0,4.2,2.4,86010000.0,101450000.0,0.1795
397,53,15.9,True,8.3,3.3,2.6,39040000.0,41770000.0,0.0699
398,50,24.3,False,44.5,3.9,1.2,133080000.0,147750000.0,0.1102
399,47,15.1,False,12.1,2.5,3.3,41850000.0,44860000.0,0.0719
400,54,10.4,False,17.7,3.6,4.5,197470000.0,202440000.0,0.0252
401,40,37.4,False,5.3,2.9,1.6,160520000.0,179440000.0,0.1179
402,27,15.6,False,11.1,1.8,3.4,90240000.0,99720000.0,0.1051
403,22,34.0,False,26.0,3.8,3.7,124140000.0,129180000.0,0.0406
404,53,8.7,True,30.4,3.2,2.7,184040000.0,200670000.0,0.0904
405,51,8.1,False,12.3,2.4,3.8,119740000.0,138830000.0,0.1594
406,48,1.2,False,2.9,4.6,2.6,51410000.0,57480000.0,0.1181
407,27,24.8,False,19.6,1.1,3.0,88170000.0,89880000.0,0.0194
408,36,14.0,False,11.7,2.3,1.0,171770000.0,190600000.0,0.1096
409,49,32.8,False,11.0,1.2,3.8,135960000.0,155070000.0,0.1406
410,18,18.0,False,48.0,4.1,3.6,137130000.0,158870000.0,0.1585
411,22,36.8,True,30.8,3.8,1.2,176030000.0,198180000.0,0.1258
412,21,7.0,False,27.8,2.3,2.5,180920000.0,186440000.0,0.0305
413,33,33.0,False,20.8,3.7,4.9,185560000.0,211920000.0,0.1421
414,41,29.5,True,21.4,2.6,2.7,37070000.0,42090000.0,0.1354
415,33,29.3,False,27.0,4.0,3.0,117940000.0,118520000.0,0.0049
416,19,32.1,False,34.8,2.8,4.6,153290000.0,165910000.0,0.0823
417,45,28.9,False,35.1,2.6,3.9,156250000.0,166650000.0,0.0666
418,49,23.8,False,8.6,4.7,3.3,129210000.0,146510000.0,0.1339
419,44,5.0,True,25.0,2.0,4.2,50020000.0,52180000.0,0.0432
420,37,1.2,False,20.6,1.5,4.5,163540000.0,182870000.0,0.1182
421,41,35.0,False,43.5,3.3,2.8,149620000.0,176950000.0,0.1827
422,29,23.4,False,31.6,4.9,2.9,35500000.0,41160000.0,0.1594
423,52,30.3,True,26.6,2.5,2.5,103490000.0,122560000.0,0.1843
424,50,18.3,False,5.8,1.2,4.9,51320000.0,61360000.0,0.1956
425,50,4.5,False,30.3,2.4,3.8,80750000.0,80920000.0,0.0021
426,54,4.8,False,5.9,3.0,1.3,23250000.0,26150000.0,0.1247
427,29,26.1,False,16.9,1.6,4.5,92060000.0,99660000.0,0.0826
428,20,16.4,False,7.1,3.6,2.9,118980000.0,139440000.0,0.172
429,18,7.6,False,34.6,5.0,1.3,131520000.0,138140000.0,0.0503
430,50,18.7,False,10.3,2.8,3.2,139430000.0,166790000.0,0.1962
431,27,2.4,False,19.6,2.4,2.7,170530000.0,191460000.0,0.1227
432,46,22.1,False,44.8,2.6,4.5,58780000.0,68110000.0,0.1587
433,30,10.2,False,10.2,1.5,1.8,41690000.0,42400000.0,0.017
434,29,30.3,False,25.4,4.5,4.3,173280000.0,179640000.0,0.0367
435,48,11.8,False,21.0,2.7,3.2,48190000.0,55500000.0,0.1517
436,19,17.3,False,0.9,2.5,1.2,195460000.0,196320000.0,0.0044
437,52,0.4,False,39.6,3.6,4.9,171660000.0,199710000.0,0.1634
438,40,2.8,False,3.5,2.8,3.1,110160000.0,110470000.0,0.0028
439,34,14.9,False,23.7,3.6,2.2,196660000.0,222510000.0,0.1314
440,43,18.2,False,28.0,1.2,2.9,37530000.0,40270000.0,0.073
441,25,22.8,False,31.4,4.3,4.4,74550000.0,83670000.0,0.1223
442,46,11.1,False,34.4,4.8,2.2,134880000.0,153660000.0,0.1392
443,43,26.4,False,12.7,3.6,1.8,83000000.0,88690000.0,0.0686
444,27,32.7,False,0.5,4.8,1.5,187110000.0,191150000.0,0.0216
445,43,29.6,False,36.2,1.6,2.2,31810000.0,32250000.0,0.0138
446,51,1.5,False,26.8,2.9,4.1,118890000.0,132890000.0,0.1178
447,24,18.3,False,41.8,3.4,2.9,126360000.0,139520000.0,0.1041
448,21,4.0,False,41.1,3.3,1.9,137490000.0,157900000.0,0.1484
449,28,9.2,False,42.2,2.6,1.7,66020000.0,72750000.0,0.1019
450,46,37.5,False,24.3,2.4,2.3,85620000.0,92850000.0,0.0844
451,53,5.4,False,16.7,1.5,4.8,171860000.0,185540000.0,0.0796
452,42,19.0,True,39.6,2.6,2.4,55090000.0,55380000.0,0.0053
453,38,23.5,False,22.6,1.7,5.0,168840000.0,180170000.0,0.0671
454,53,26.7,False,9.2,3.9,2.9,121280000.0,144950000.0,0.1952
455,27,21.3,False,42.7,1.8,1.7,157190000.0,184650000.0,0.1747
456,54,0.4,True,44.1,1.2,4.6,148450000.0,158230000.0,0.0659
457,26,12.4,False,23.3,3.2,2.8,57350000.0,64090000.0,0.1175
458,41,19.7,False,3.8,3.4,3.8,122390000.0,143130000.0,0.1695
459,52,3.3,False,19.4,4.5,4.9,176190000.0,191740000.0,0.0883
460,52,13.3,False,40.2,3.3,1.2,97780000.0,98130000.0,0.0036
461,53,1.3,False,45.1,2.4,1.4,193990000.0,196880000.0,0.0149
462,35,3.0,False,10.2,4.2,3.9,101400000.0,111750000.0,0.1021
463,56,15.1,False,3.3,3.2,2.1,45700000.0,54560000.0,0.1939
464,49,5.0,False,43.9,1.3,1.7,90100000.0,102590000.0,0.1386
465,41,21.6,False,19.5,3.3,1.2,191310000.0,194020000.0,0.0142
466,40,26.2,False,27.1,4.6,1.1,77550000.0,80490000.0,0.0379
467,49,30.4,True,48.4,2.6,4.1,176260000.0,203450000.0,0.1543
468,54,7.6,True,3.3,2.2,1.5,178630000.0,208690000.0,0.1683
469,29,6.4,False,32.4,1.6,2.9,83030000.0,93290000.0,0.1236
470,30,4.0,True,3.7,1.6,3.4,34990000.0,39500000.0,0.1289
471,40,24.2,False,18.8,2.7,2.7,150420000.0,151270000.0,0.0057
472,42,26.8,False,40.2,3.4,1.1,76070000.0,88680000.0,0.1658
473,52,1.2,False,21.7,1.3,4.1,160930000.0,186300000.0,0.1576
474,47,35.6,False,49.9,4.8,1.0,99680000.0,104840000.0,0.0518
475,34,2.0,False,28.0,4.0,4.0,107350000.0,122570000.0,0.1418
476,37,20.6,False,16.1,3.3,4.6,160020000.0,166900000.0,0.043
477,42,26.9,False,11.0,4.3,2.7,88830000.0,89550000.0,0.0081
478,39,33.1,False,17.5,1.3,3.1,99760000.0,103770000.0,0.0402
479,30,27.1,True,18.6,2.9,2.9,87710000.0,90840000.0,0.0357
480,36,30.5,False,3.4,3.5,2.6,86120000.0,91940000.0,0.0676
481,53,12.9,False,18.5,4.3,4.5,114670000.0,124270000.0,0.0837
482,29,31.0,False,23.2,4.1,4.6,165580000.0,182420000.0,0.1017
483,36,3.0,False,36.1,2.1,2.3,85120000.0,93240000.0,0.0954
484,29,34.0,False,32.8,4.8,3.5,114370000.0,120560000.0,0.0541
485,26,20.8,False,35.4,1.5,4.7,140730000.0,141550000.0,0.0058
486,24,31.1,False,0.4,4.5,4.8,68500000.0,76790000.0,0.121
487,45,17.2,False,10.9,4.9,3.0,69950000.0,75490000.0,0.0792
488,31,24.5,False,33.1,1.7,2.8,188010000.0,199240000.0,0.0597
489,48,20.0,False,24.2,3.9,2.1,150240000.0,176290000.0,0.1734
490,36,27.8,False,0.3,1.2,4.8,123890000.0,142390000.0,0.1493
491,33,3.1,False,40.2,2.6,1.6,136590000.0,160020000.0,0.1715
492,22,2.3,False,38.6,3.1,3.3,25270000.0,27770000.0,0.0989
493,52,9.4,False,27.4,3.3,2.1,131260000.0,134700000.0,0.0262
494,29,6.1,False,3.3,4.7,2.1,111710000.0,127260000.0,0.1392
495,42,33.1,False,38.3,3.7,2.6,118230000.0,123100000.0,0.0412
496,38,8.3,False,29.2,2.9,5.0,84700000.0,92170000.0,0.0882
497,53,37.1,False,39.1,4.2,1.2,34670000.0,35120000.0,0.013
498,40,12.8,False,37.6,4.8,3.3,54800000.0,63850000.0,0.1651
499,33,6.9,False,40.2,1.1,1.3,191130000.0,195940000.0,0.0252
500,56,30.0,True,25.9,4.9,1.6,93570000.0,110470000.0,0.1806
501,56,25.0,False,7.0,1.3,2.8,104000000.0,121980000.0,0.1729
502,31,18.9,True,33.6,4.3,3.0,29490000.0,32230000.0,0.0929
503,48,21.1,False,31.0,2.1,2.0,26760000.0,30740000.0,0.1487
504,22,27.3,True,37.1,1.5,2.3,149090000.0,167560000.0,0.1239
505,52,8.7,False,8.5,2.8,1.3,116860000.0,135630000.0,0.1606
506,40,37.9,False,9.7,3.6,2.2,111570000.0,121210000.0,0.0864
507,46,37.0,False,44.5,2.5,4.9,63760000.0,73780000.0,0.1572
508,28,24.7,False,37.5,1.2,4.8,154060000.0,168310000.0,0.0925
509,35,7.6,False,45.4,3.4,2.3,50280000.0,59740000.0,0.1881
510,29,25.8,False,37.9,4.6,3.3,54190000.0,59460000.0,0.0973
511,26,2.7,False,29.9,2.5,4.6,102930000.0,112450000.0,0.0925
512,27,1.2,False,32.7,1.9,1.0,71530000.0,82760000.0,0.157
513,34,9.8,False,44.5,2.8,4.2,64540000.0,75140000.0,0.1642
514,55,17.6,True,28.9,1.2,4.8,136140000.0,151240000.0,0.1109
515,24,33.0,True,31.6,4.3,1.4,137170000.0,142100000.0,0.0359
516,30,27.6,False,7.8,4.3,1.6,168410000.0,184170000.0,0.0936
517,26,28.2,False,23.7,3.4,4.8,95190000.0,113620000.0,0.1936
518,44,16.2,False,35.8,2.4,3.2,33160000.0,38150000.0,0.1505
519,19,13.1,False,13.5,4.2,1.1,69260000.0,80500000.0,0.1623
520,22,14.1,False,10.1,3.2,2.0,196400000.0,197690000.0,0.0066
521,46,37.5,False,15.7,4.3,2.8,127330000.0,139240000.0,0.0935
522,54,1.5,True,12.1,3.5,3.8,147750000.0,166860000.0,0.1293
523,55,32.9,False,10.7,4.1,3.9,21320000.0,24860000.0,0.166
524,36,22.0,False,21.2,3.4,5.0,113280000.0,114400000.0,0.0099
525,25,16.7,False,45.4,2.7,2.2,26760000.0,31320000.0,0.1704
526,18,27.6,False,25.4,4.8,3.2,122460000.0,135890000.0,0.1097
527,39,18.5,False,9.4,3.2,3.1,185740000.0,193070000.0,0.0395
528,34,33.2,False,3.8,3.4,2.6,194320000.0,206650000.0,0.0635
529,24,34.2,False,34.8,1.9,1.7,117300000.0,123910000.0,0.0564
530,42,16.0,True,19.1,3.5,4.9,102480000.0,113360000.0,0.1062
531,21,10.5,False,41.1,3.3,4.4,190100000.0,192070000.0,0.0104
532,53,22.5,False,33.0,1.7,3.0,141250000.0,145730000.0,0.0317
533,23,34.7,True,39.8,1.2,3.4,31680000.0,36830000.0,0.1626
534,48,8.0,False,13.6,3.4,1.9,103830000.0,106580000.0,0.0265
535,36,23.7,False,34.6,4.1,3.2,63240000.0,66190000.0,0.0466
536,56,24.0,False,13.2,3.1,3.8,104560000.0,114040000.0,0.0907
537,44,27.9,False,47.0,1.9,3.1,101980000.0,112530000.0,0.1035
538,27,5.0,True,31.8,3.7,5.0,124790000.0,143850000.0,0.1527
539,43,27.2,False,16.2,1.3,3.4,84220000.0,91750000.0,0.0894
540,36,34.5,False,13.5,2.8,2.5,49570000.0,57400000.0,0.158
541,56,6.8,False,9.5,1.7,4.1,110670000.0,124360000.0,0.1237
542,20,9.0,False,34.7,1.7,1.7,169440000.0,173270000.0,0.0226
543,30,36.9,False,10.9,1.8,2.5,139520000.0,143880000.0,0.0312
544,45,6.9,False,29.8,2.5,2.4,80910000.0,87980000.0,0.0874
545,37,32.5,False,13.2,1.2,2.7,188390000.0,203340000.0,0.0794
546,45,18.7,False,33.1,2.6,4.1,184200000.0,211590000.0,0.1487
547,25,9.4,False,40.7,3.0,2.9,57680000.0,64380000.0,0.1162
548,56,33.1,False,38.9,2.9,4.2,27100000.0,29200000.0,0.0775
549,18,16.9,False,38.0,2.5,3.3,153440000.0,158680000.0,0.0342
550,20,19.6,False,9.4,4.4,2.4,168970000.0,176640000.0,0.0454
551,30,13.7,False,4.4,1.6,4.2,194220000.0,216570000.0,0.1151
552,45,22.5,False,34.9,3.0,2.0,180170000.0,195430000.0,0.0847
553,42,6.2,False,18.4,1.2,1.9,128100000.0,141290000.0,0.103
554,50,14.9,False,21.6,1.3,3.0,115410000.0,119350000.0,0.0341
555,55,36.8,False,1.6,3.3,2.0,25010000.0,28330000.0,0.1327
556,23,9.8,False,13.0,3.3,1.0,64400000.0,75380000.0,0.1705
557,49,25.0,False,1.7,4.5,3.6,102730000.0,108030000.0,0.0516
558,38,12.4,False,44.0,3.2,3.0,133130000.0,146220000.0,0.0983
559,33,29.4,False,12.2,4.8,2.8,120310000.0,143780000.0,0.1951
560,38,5.0,False,27.9,1.2,4.9,153670000.0,163910000.0,0.0666
561,28,36.9,False,1.9,1.4,3.3,70360000.0,78730000.0,0.119
562,54,17.2,False,33.3,1.2,4.5,121690000.0,123890000.0,0.0181
563,53,9.0,False,16.2,1.7,1.6,35870000.0,40220000.0,0.1213
564,52,2.8,False,44.9,3.2,3.3,94460000.0,96150000.0,0.0179
565,36,6.5,False,44.4,3.6,4.5,155030000.0,184770000.0,0.1918
566,37,19.8,False,16.3,1.2,3.3,144810000.0,165540000.0,0.1432
567,35,12.8,False,45.0,4.8,3.9,198320000.0,229580000.0,0.1576
568,31,31.5,False,49.8,4.4,2.5,70020000.0,79880000.0,0.1408
569,32,16.4,False,41.3,2.2,1.4,109670000.0,122610000.0,0.118
570,48,9.5,True,42.2,1.3,2.8,79320000.0,86460000.0,0.09
571,18,23.5,False,12.5,1.7,2.6,99310000.0,116360000.0,0.1717
572,20,26.9,False,28.8,1.5,4.5,174250000.0,207600000.0,0.1914
573,33,6.3,False,3.4,1.5,2.0,143160000.0,157450000.0,0.0998
574,40,6.4,True,4.7,3.1,4.9,178840000.0,212160000.0,0.1863
575,28,1.4,False,49.9,2.0,4.8,56630000.0,63240000.0,0.1167
576,29,28.0,False,16.3,2.4,2.0,177210000.0,196290000.0,0.1077
577,27,25.2,False,37.4,5.0,2.4,30760000.0,33560000.0,0.091
578,49,18.0,False,40.3,3.7,4.6,179950000.0,187480000.0,0.0418
579,33,32.1,False,42.9,4.8,4.9,79230000.0,79290000.0,0.0008
580,25,30.6,False,49.9,1.6,2.8,76630000.0,80330000.0,0.0483
581,55,22.2,False,12.1,2.5,2.3,112180000.0,123620000.0,0.102
582,29,33.0,False,2.0,3.2,3.1,189320000.0,203710000.0,0.076
583,41,7.8,False,20.6,1.3,3.8,28600000.0,31170000.0,0.0899
584,45,4.3,False,6.5,1.0,2.1,83400000.0,99760000.0,0.1962
585,25,10.3,False,1.1,3.7,3.9,174180000.0,186380000.0,0.07
586,45,2.2,True,18.0,3.6,1.2,91290000.0,99550000.0,0.0905
587,53,20.2,False,39.2,2.6,1.2,55850000.0,57340000.0,0.0267
588,43,35.6,False,28.3,3.0,2.5,96460000.0,97390000.0,0.0096
589,25,1.5,False,15.6,2.7,2.4,89400000.0,103260000.0,0.155
590,45,4.6,True,32.7,1.1,2.3,184770000.0,205860000.0,0.1141
591,45,17.2,True,11.6,2.3,3.0,157150000.0,181060000.0,0.1521
592,54,35.5,False,0.7,1.7,2.3,110920000.0,114240000.0,0.0299
593,53,12.0,False,38.2,1.4,1.8,197910000.0,220540000.0,0.1143
594,44,19.3,True,31.2,4.8,2.2,103750000.0,109010000.0,0.0507
595,34,1.6,False,38.1,3.4,4.9,30480000.0,31870000.0,0.0456
596,26,5.6,False,1.9,3.9,2.6,67210000.0,67360000.0,0.0022
597,50,37.5,False,41.9,2.3,2.8,98490000.0,101060000.0,0.0261
598,37,36.7,False,31.0,2.6,3.3,48240000.0,51220000.0,0.0618
599,30,0.2,False,28.2,1.9,4.9,190560000.0,195010000.0,0.0234
600,45,36.2,False,31.2,1.4,2.0,158030000.0,189190000.0,0.1972
601,46,24.3,False,43.2,1.7,3.7,68290000.0,72510000.0,0.0618
602,30,33.0,False,29.3,4.2,3.9,126340000.0,129630000.0,0.026
603,52,17.3,False,29.0,3.7,3.4,149860000.0,155830000.0,0.0398
604,23,19.6,False,49.5,3.2,1.4,189430000.0,211700000.0,0.1176
605,35,18.6,False,37.8,2.9,3.7,178690000.0,180980000.0,0.0128
606,22,25.3,False,22.1,4.7,1.3,112730000.0,132170000.0,0.1724
607,42,5.3,False,35.4,1.3,3.4,159440000.0,190100000.0,0.1923
608,19,1.1,False,19.5,2.1,4.0,121190000.0,127170000.0,0.0493
609,27,11.7,False,11.4,2.4,1.8,119490000.0,130250000.0,0.09
610,47,26.8,False,29.8,4.1,4.4,40650000.0,40830000.0,0.0044
611,22,7.7,False,46.4,5.0,1.1,42700000.0,48170000.0,0.1281
612,50,25.6,False,46.5,2.0,4.4,115320000.0,124870000.0,0.0828
613,18,36.9,False,17.1,4.5,2.8,68400000.0,72090000.0,0.0539
614,35,3.6,False,26.4,4.3,1.9,23790000.0,24770000.0,0.0412
615,49,25.6,False,10.6,1.9,1.5,150110000.0,169750000.0,0.1308
616,28,16.9,False,49.8,2.6,4.8,25850000.0,28000000.0,0.0832
617,38,33.0,False,49.1,2.6,1.3,127150000.0,131720000.0,0.0359
618,43,6.7,False,32.5,4.9,1.8,117050000.0,133180000.0,0.1378
619,42,26.3,False,40.2,1.7,2.4,194390000.0,216360000.0,0.113
620,39,31.8,False,35.8,4.2,3.5,107160000.0,125560000.0,0.1717
621,44,35.9,True,29.7,2.3,3.2,31450000.0,32190000.0,0.0235
622,30,26.0,False,2.7,3.9,1.5,119300000.0,138050000.0,0.1572
623,50,18.9,False,22.7,2.7,2.2,171400000.0,194490000.0,0.1347
624,51,23.5,False,33.7,3.3,2.0,199430000.0,204020000.0,0.023
625,52,33.0,False,33.9,4.3,1.9,97460000.0,111000000.0,0.1389
626,18,21.7,False,18.7,4.2,2.6,77650000.0,84510000.0,0.0883
627,38,1.2,False,47.1,4.5,3.8,183200000.0,217820000.0,0.189
628,23,35.4,False,8.4,1.2,1.9,54420000.0,55960000.0,0.0283
629,45,26.2,False,25.0,3.8,2.5,130780000.0,147590000.0,0.1285
630,34,25.7,False,34.5,1.6,2.6,93030000.0,100140000.0,0.0764
631,22,8.2,False,34.9,2.7,4.9,27390000.0,32630000.0,0.1913
632,48,25.0,False,32.4,3.2,4.8,82510000.0,87960000.0,0.0661
633,22,15.0,False,13.8,2.6,4.2,67740000.0,80780000.0,0.1925
634,55,24.7,False,7.8,3.1,2.0,143500000.0,169370000.0,0.1803
635,20,4.1,False,31.8,5.0,1.3,190780000.0,201100000.0,0.0541
636,40,25.0,False,30.0,1.5,2.3,68250000.0,79220000.0,0.1607
637,54,38.0,False,9.0,3.7,2.1,166060000.0,199130000.0,0.1991
638,54,1.8,False,35.3,2.6,3.0,29960000.0,31470000.0,0.0504
639,27,37.1,False,22.8,1.5,4.1,116860000.0,127070000.0,0.0874
640,27,15.5,True,33.4,1.6,4.4,32700000.0,36100000.0,0.104
641,36,33.1,False,41.9,4.8,4.4,188130000.0,199230000.0,0.059
642,34,29.7,False,8.5,4.5,2.4,157940000.0,158420000.0,0.003
643,38,21.5,False,1.0,4.6,3.7,138430000.0,144520000.0,0.044
644,31,28.1,False,39.0,5.0,2.3,168300000.0,177790000.0,0.0564
645,26,33.4,False,30.5,1.8,1.2,136550000.0,148660000.0,0.0887
646,18,15.4,False,35.0,2.4,3.8,194410000.0,201060000.0,0.0342
647,30,12.4,False,41.9,3.7,1.0,148510000.0,174450000.0,0.1747
648,21,25.4,False,40.1,2.9,2.6,186440000.0,212720000.0,0.141
649,18,30.7,False,48.0,2.7,2.3,113080000.0,115010000.0,0.0171
650,49,29.0,False,26.8,2.4,3.8,41070000.0,46410000.0,0.13
651,51,30.3,False,24.4,3.4,4.1,115070000.0,130110000.0,0.1307
652,45,16.6,False,20.1,3.3,2.2,42840000.0,51030000.0,0.1912
653,48,31.1,False,7.7,1.6,4.2,126650000.0,126730000.0,0.0006
654,25,4.6,False,28.6,2.9,2.2,106850000.0,112150000.0,0.0496
655,56,20.7,False,13.9,3.2,2.8,132060000.0,156560000.0,0.1855
656,43,0.2,False,46.1,3.3,3.9,21810000.0,25880000.0,0.1866
657,51,12.3,False,29.2,1.8,3.8,55070000.0,63010000.0,0.1442
658,20,13.9,False,29.6,4.0,4.9,108440000.0,125050000.0,0.1532
659,29,15.1,False,17.7,1.1,1.9,191090000.0,194590000.0,0.0183
660,18,26.4,False,2.6,2.4,3.6,89050000.0,98200000.0,0.1028
661,22,14.8,False,1.6,4.1,3.4,96390000.0,100850000.0,0.0463
662,47,17.1,False,21.2,3.3,4.7,148650000.0,154040000.0,0.0363
663,47,9.0,False,4.2,2.0,1.6,128680000.0,149530000.0,0.162
664,34,14.2,False,30.3,3.8,4.0,73810000.0,75800000.0,0.027
665,40,8.6,False,44.0,3.3,3.3,93950000.0,102760000.0,0.0938
666,32,2.8,False,44.1,4.2,2.1,59190000.0,70300000.0,0.1877
667,54,22.9,False,33.0,3.9,2.9,193880000.0,201090000.0,0.0372
668,38,25.4,False,10.6,3.4,2.3,43510000.0,52020000.0,0.1956
669,31,23.5,False,43.1,3.0,3.3,86930000.0,104220000.0,0.1989
670,19,17.6,False,44.3,1.5,4.6,24650000.0,27390000.0,0.1112
671,28,14.4,False,9.8,2.0,3.3,59920000.0,61960000.0,0.034
672,56,32.8,False,36.9,2.7,3.5,160480000.0,170630000.0,0.0632
673,55,19.7,False,14.3,3.4,3.1,56210000.0,60980000.0,0.0849
674,51,18.2,False,40.1,3.1,1.2,34410000.0,36540000.0,0.0619
675,55,1.0,False,49.9,2.2,1.9,105400000.0,111320000.0,0.0562
676,51,13.0,False,1.5,1.0,3.0,21790000.0,26030000.0,0.1946
677,35,14.4,False,44.9,3.0,2.2,35260000.0,36340000.0,0.0306
678,47,15.2,False,31.1,2.1,1.7,165370000.0,189620000.0,0.1466
679,32,22.0,False,48.7,3.9,3.0,158870000.0,158880000.0,0.0001
680,44,20.3,False,23.3,1.1,2.3,184720000.0,206750000.0,0.1193
681,51,23.1,False,42.4,3.3,2.0,173810000.0,205650000.0,0.1832
682,55,29.1,False,3.1,4.8,2.9,142970000.0,151200000.0,0.0576
683,50,30.9,True,16.8,1.7,1.5,29420000.0,30510000.0,0.037
684,41,27.3,False,3.4,2.9,4.7,160910000.0,181880000.0,0.1303
685,32,36.3,False,48.8,1.4,4.5,172190000.0,196730000.0,0.1425
686,47,0.7,False,40.8,3.5,3.8,163830000.0,186370000.0,0.1376
687,34,7.4,False,42.6,3.2,1.4,111530000.0,118650000.0,0.0638
688,22,0.3,False,46.9,2.6,4.1,61920000.0,65040000.0,0.0504
689,46,24.6,True,4.3,3.1,4.2,172160000.0,205070000.0,0.1912
690,21,34.1,False,19.3,4.6,4.1,150890000.0,178750000.0,0.1846
691,27,9.3,False,3.6,1.8,1.5,196540000.0,214520000.0,0.0915
692,34,35.2,False,10.5,1.1,3.6,48020000.0,56150000.0,0.1693
693,27,2.3,False,11.5,4.4,4.3,60620000.0,66100000.0,0.0904
694,34,35.5,False,23.5,3.3,3.3,58120000.0,63050000.0,0.0848
695,37,13.4,False,13.4,4.6,3.6,162660000.0,167760000.0,0.0314
696,41,3.9,False,5.0,3.4,2.8,53640000.0,58210000.0,0.0852
697,22,18.5,False,8.4,4.2,3.1,32000000.0,35440000.0,0.1075
698,51,9.8,False,7.4,2.7,1.1,199740000.0,200640000.0,0.0045
699,23,10.8,False,48.7,4.0,3.6,24470000.0,26640000.0,0.0887
700,19,11.7,False,38.0,4.7,1.3,170340000.0,196960000.0,0.1563
701,30,30.5,True,48.4,3.3,2.7,85770000.0,97440000.0,0.1361
702,28,20.5,False,22.0,1.7,2.2,171490000.0,193270000.0,0.127
703,40,11.8,False,13.9,2.1,3.2,119830000.0,141630000.0,0.1819
704,33,23.2,False,39.9,1.8,1.5,182290000.0,182950000.0,0.0036
705,48,27.2,False,16.3,2.0,3.8,186710000.0,207510000.0,0.1114
706,28,10.4,True,15.0,2.2,4.2,21640000.0,25050000.0,0.1576
707,33,15.7,False,11.6,3.2,1.7,33570000.0,37200000.0,0.1081
708,25,4.6,False,6.5,3.4,1.4,65060000.0,69270000.0,0.0647
709,21,6.9,False,12.8,2.7,1.6,140480000.0,144310000.0,0.0273
710,21,25.9,False,17.8,3.5,4.5,179890000.0,211820000.0,0.1775
711,42,6.9,False,33.7,1.3,3.1,102790000.0,112470000.0,0.0942
712,20,20.0,False,3.1,1.4,2.9,129260000.0,151960000.0,0.1756
713,49,26.9,False,10.5,1.7,1.4,53930000.0,60250000.0,0.1172
714,20,4.1,False,40.5,3.1,3.6,164890000.0,187120000.0,0.1348
715,44,21.6,False,7.3,1.9,4.5,194120000.0,225340000.0,0.1608
716,46,9.7,False,17.1,2.1,4.3,68350000.0,77360000.0,0.1318
717,49,36.6,True,43.2,2.6,3.5,109070000.0,117750000.0,0.0796
718,36,18.4,False,7.7,4.2,1.3,35500000.0,39150000.0,0.1028
719,38,30.6,True,4.1,1.1,1.4,120640000.0,140020000.0,0.1606
720,22,20.9,False,24.2,3.6,1.2,110500000.0,118760000.0,0.0748
721,35,1.6,False,15.1,3.7,2.0,46000000.0,49570000.0,0.0776
722,45,24.1,True,28.2,4.2,1.5,99570000.0,101480000.0,0.0192
723,39,36.2,False,40.2,4.7,2.0,80140000.0,94800000.0,0.1829
724,38,22.9,False,6.9,1.1,2.5,113930000.0,116000000.0,0.0182
725,23,31.1,False,29.0,1.6,4.8,125420000.0,141680000.0,0.1296
726,18,33.6,False,25.3,4.5,3.4,21530000.0,23310000.0,0.0827
727,22,8.7,True,7.2,2.8,4.3,156980000.0,169710000.0,0.0811
728,29,8.1,False,31.2,3.3,3.8,148340000.0,168500000.0,0.1359
729,43,23.2,False,13.7,3.7,1.5,85930000.0,87080000.0,0.0134
730,51,15.6,False,24.4,3.7,3.9,29530000.0,33040000.0,0.1189
731,31,31.9,True,4.1,4.7,2.1,155890000.0,179960000.0,0.1544
732,43,34.2,False,23.0,5.0,3.6,191930000.0,223720000.0,0.1656
733,44,13.4,False,15.3,3.9,2.4,63230000.0,65390000.0,0.0342
734,26,9.0,False,41.1,2.1,5.0,78230000.0,92270000.0,0.1795
735,43,29.7,True,2.8,4.5,2.1,53090000.0,60060000.0,0.1313
736,39,10.4,True,20.9,1.2,2.1,123850000.0,145690000.0,0.1763
737,47,31.3,False,22.9,1.9,4.7,47870000.0,52520000.0,0.0971
738,34,16.1,False,36.3,4.6,1.1,84110000.0,93230000.0,0.1084
739,43,25.4,False,28.7,2.0,3.8,145460000.0,172200000.0,0.1838
740,53,3.6,False,33.4,1.9,3.9,120820000.0,142570000.0,0.18
741,18,23.7,False,38.9,1.6,4.3,89560000.0,97590000.0,0.0897
742,25,17.2,False,43.1,4.4,4.9,95640000.0,100890000.0,0.0549
743,52,22.3,False,15.7,3.0,4.9,121180000.0,130710000.0,0.0786
744,32,6.4,False,26.9,3.7,1.3,21060000.0,22690000.0,0.0774
745,39,28.0,False,42.0,2.0,4.3,34130000.0,36090000.0,0.0574
746,31,32.8,False,49.5,4.0,3.6,178630000.0,188230000.0,0.0537
747,43,8.2,False,44.5,4.0,3.6,34020000.0,39880000.0,0.1723
748,45,3.6,False,18.6,2.3,1.5,147220000.0,149280000.0,0.014
749,40,0.9,False,9.8,2.6,3.6,185610000.0,210760000.0,0.1355
750,31,24.4,False,24.5,1.8,4.9,68720000.0,71100000.0,0.0346
751,41,23.1,False,37.1,4.9,4.6,86690000.0,92660000.0,0.0689
752,19,20.8,False,24.6,3.6,2.8,122410000.0,123920000.0,0.0123
753,43,8.8,False,24.2,4.7,1.2,178710000.0,188360000.0,0.054
754,31,14.9,False,41.9,2.2,2.4,189540000.0,218670000.0,0.1537
755,24,22.6,False,18.1,4.1,4.3,153120000.0,180220000.0,0.177
756,20,18.9,False,43.0,4.1,3.8,35590000.0,37170000.0,0.0444
757,40,37.5,False,20.3,3.8,2.8,140450000.0,153470000.0,0.0927
758,35,5.2,False,16.4,4.9,1.2,93850000.0,102680000.0,0.0941
759,55,26.4,True,22.7,2.6,2.7,104730000.0,123030000.0,0.1747
760,52,15.4,False,38.1,1.5,2.9,28850000.0,33250000.0,0.1525
761,32,16.3,False,6.3,3.7,4.7,54390000.0,59970000.0,0.1026
762,42,27.3,False,9.8,3.9,3.6,162290000.0,184060000.0,0.1341
763,54,26.3,False,47.6,3.3,2.2,101710000.0,118950000.0,0.1695
764,45,37.7,False,8.8,1.8,3.1,74300000.0,74440000.0,0.0019
765,27,4.9,False,28.4,3.0,1.3,89120000.0,96300000.0,0.0806
766,56,4.0,False,29.0,2.2,4.9,173790000.0,205320000.0,0.1814
767,34,27.5,False,24.5,2.7,2.4,154820000.0,177740000.0,0.148
768,56,22.0,False,32.2,3.6,2.9,69020000.0,76510000.0,0.1085
769,39,10.4,False,11.5,4.0,2.4,41150000.0,45510000.0,0.106
770,43,3.0,False,27.6,1.9,3.7,65360000.0,69910000.0,0.0696
771,42,3.3,False,18.6,2.6,3.6,185740000.0,205080000.0,0.1041
772,34,34.0,False,33.1,2.1,3.9,124690000.0,141030000.0,0.131
773,30,7.3,False,7.1,1.8,2.1,116030000.0,125740000.0,0.0837
774,37,12.3,True,28.5,4.1,2.3,127350000.0,145540000.0,0.1428
775,42,8.6,False,9.3,4.6,1.5,85890000.0,100680000.0,0.1722
776,21,13.5,False,13.9,2.5,3.6,165280000.0,170390000.0,0.0309
777,27,2.6,True,10.9,4.0,1.2,114190000.0,124500000.0,0.0903
778,20,19.7,False,9.1,4.6,3.4,41010000.0,44360000.0,0.0817
779,35,2.6,True,41.3,4.4,4.5,43230000.0,49170000.0,0.1374
780,53,30.4,False,14.3,1.7,4.6,116630000.0,122460000.0,0.05
781,39,8.9,False,46.4,4.8,2.8,188580000.0,212730000.0,0.1281
782,51,20.5,True,48.5,2.5,2.8,75500000.0,88750000.0,0.1755
783,25,33.4,False,28.6,2.4,1.3,176520000.0,191280000.0,0.0836
784,36,24.7,True,7.2,1.2,3.7,157540000.0,186240000.0,0.1822
785,54,20.3,False,18.7,2.9,4.3,64610000.0,77440000.0,0.1986
786,23,12.3,False,39.9,1.4,2.0,26540000.0,27100000.0,0.0211
787,43,12.7,False,18.4,2.0,2.7,38330000.0,40120000.0,0.0467
788,51,25.4,False,4.4,2.3,4.4,151130000.0,179860000.0,0.1901
789,23,37.8,False,27.8,4.2,4.5,55940000.0,66660000.0,0.1916
790,54,25.1,False,42.3,4.5,2.0,86830000.0,88530000.0,0.0196
791,50,21.2,False,39.8,2.2,3.2,110310000.0,110640000.0,0.003
792,39,27.8,False,8.8,4.4,1.8,150580000.0,155430000.0,0.0322
793,38,17.7,False,33.6,4.4,1.4,40380000.0,48420000.0,0.1991
794,23,2.3,False,11.0,4.1,4.6,93150000.0,96500000.0,0.036
795,23,21.4,False,10.9,1.6,4.3,107310000.0,118100000.0,0.1005
796,21,36.4,False,43.7,3.8,4.0,117350000.0,137260000.0,0.1697
797,47,6.7,False,12.5,4.8,1.2,167300000.0,167980000.0,0.0041
798,28,26.2,False,13.2,3.7,4.4,50900000.0,57050000.0,0.1208
799,47,7.6,True,0.0,2.3,2.8,165410000.0,174570000.0,0.0554
800,48,20.4,False,43.5,3.0,2.4,144720000.0,169680000.0,0.1725
801,41,3.7,False,39.6,3.6,3.2,120060000.0,126870000.0,0.0567
802,26,17.1,False,31.4,3.0,1.4,145920000.0,165960000.0,0.1373
803,20,28.7,False,37.5,1.5,4.0,94160000.0,106860000.0,0.1349
804,48,13.2,False,7.6,2.2,3.3,44910000.0,46900000.0,0.0443
805,54,25.3,True,22.9,4.2,1.7,139840000.0,140810000.0,0.0069
806,53,30.2,False,17.6,4.4,1.8,114440000.0,123810000.0,0.0819
807,41,35.2,False,4.7,1.5,1.7,135090000.0,142900000.0,0.0578
808,48,8.9,False,24.3,4.8,1.2,80840000.0,93920000.0,0.1618
809,23,15.2,False,46.0,2.3,3.4,183240000.0,212570000.0,0.1601
810,19,5.8,False,2.0,3.6,4.4,125730000.0,137220000.0,0.0914
811,37,37.7,False,14.6,4.0,1.1,35370000.0,39660000.0,0.1213
812,45,35.2,False,10.4,4.2,1.2,100960000.0,113160000.0,0.1208
813,28,20.5,False,11.9,4.8,3.3,156140000.0,181970000.0,0.1654
814,21,32.0,False,45.4,2.3,4.3,162940000.0,176790000.0,0.085
815,32,19.8,False,23.4,4.4,2.3,109030000.0,115040000.0,0.0551
816,23,23.7,False,23.3,1.5,2.4,181050000.0,190650000.0,0.053
817,47,3.4,True,38.0,3.8,3.4,68180000.0,75490000.0,0.1072
818,55,28.7,False,7.7,4.0,2.1,93910000.0,102350000.0,0.0899
819,19,4.9,False,24.4,3.7,1.1,181750000.0,197750000.0,0.088
820,32,31.4,False,21.5,2.0,3.9,181330000.0,184640000.0,0.0183
821,28,29.7,False,29.8,4.5,3.5,143430000.0,164040000.0,0.1437
822,25,26.9,False,50.0,1.7,3.3,174620000.0,182080000.0,0.0427
823,43,1.4,False,38.5,1.2,4.0,35980000.0,37400000.0,0.0395
824,22,11.5,False,19.9,3.9,3.7,175700000.0,190200000.0,0.0825
825,23,10.0,False,41.4,2.9,1.8,77710000.0,81250000.0,0.0456
826,43,13.7,True,8.5,4.4,2.4,52100000.0,58180000.0,0.1167
827,21,3.3,False,1.5,2.5,1.5,63090000.0,67780000.0,0.0743
828,36,35.6,False,10.2,1.7,1.5,95230000.0,103780000.0,0.0898
829,37,21.0,False,17.0,4.3,3.7,65210000.0,72220000.0,0.1075
830,50,11.6,False,25.5,3.2,4.4,77700000.0,80860000.0,0.0407
831,37,15.1,False,30.8,1.8,4.9,44300000.0,45680000.0,0.0312
832,29,17.0,False,45.5,3.9,3.5,73310000.0,86220000.0,0.1761
833,18,22.8,False,25.5,3.0,1.7,123010000.0,133680000.0,0.0867
834,43,19.6,False,25.1,3.4,1.4,99530000.0,107730000.0,0.0824
835,31,34.9,False,2.5,2.8,4.3,82410000.0,83000000.0,0.0072
836,55,18.9,False,1.7,4.3,3.3,154360000.0,169730000.0,0.0996
837,54,37.7,False,27.6,4.3,3.5,180830000.0,200870000.0,0.1108
838,28,32.4,False,21.9,3.8,4.1,156220000.0,173680000.0,0.1118
839,53,7.9,False,42.0,1.4,3.8,79760000.0,91040000.0,0.1414
840,30,35.4,False,8.0,4.4,4.3,154000000.0,159470000.0,0.0355
841,20,4.4,False,1.2,3.7,1.2,47360000.0,49750000.0,0.0505
842,50,31.1,False,22.5,3.8,4.0,43460000.0,50510000.0,0.1622
843,23,14.5,False,11.9,2.5,4.4,82210000.0,97780000.0,0.1894
844,27,33.4,False,2.5,4.5,2.1,165390000.0,169890000.0,0.0272
845,22,33.0,False,36.2,3.9,3.6,64340000.0,70740000.0,0.0995
846,40,30.6,False,5.6,1.5,2.3,31390000.0,32730000.0,0.0427
847,27,30.0,False,30.4,2.6,4.8,43710000.0,44240000.0,0.0121
848,19,11.6,False,14.1,4.5,1.1,174570000.0,185930000.0,0.0651
849,30,3.1,False,8.7,1.2,3.3,134080000.0,137930000.0,0.0287
850,19,15.3,True,19.0,4.8,1.7,65580000.0,74890000.0,0.142
851,37,6.6,False,40.1,3.7,3.8,119950000.0,132750000.0,0.1067
852,18,26.4,False,19.6,3.5,1.7,114960000.0,118270000.0,0.0288
853,54,13.2,False,37.5,2.1,1.9,137980000.0,138240000.0,0.0019
854,26,37.1,False,6.3,2.0,3.0,61970000.0,71990000.0,0.1617
855,34,24.4,True,38.6,4.8,4.7,175590000.0,181780000.0,0.0353
856,26,31.3,False,11.8,2.2,1.8,75690000.0,84870000.0,0.1213
857,28,5.0,False,33.9,4.1,1.6,144940000.0,154710000.0,0.0674
858,32,32.8,True,28.3,2.6,4.0,22900000.0,25580000.0,0.117
859,41,35.1,False,46.5,1.6,3.0,87080000.0,92580000.0,0.0632
860,55,18.5,False,19.4,1.0,4.6,83310000.0,84760000.0,0.0174
861,52,23.0,False,3.3,3.2,1.6,117830000.0,123080000.0,0.0446
862,47,29.1,False,1.0,4.9,3.6,33090000.0,34330000.0,0.0375
863,48,6.6,False,41.3,2.5,1.9,162220000.0,176110000.0,0.0856
864,22,19.1,False,26.2,2.4,1.6,59200000.0,66990000.0,0.1316
865,31,15.1,True,38.8,2.4,3.7,141870000.0,149360000.0,0.0528
866,28,5.6,False,11.7,3.1,3.4,164580000.0,164980000.0,0.0024
867,26,14.0,False,17.3,2.8,4.0,121140000.0,133710000.0,0.1038
868,51,2.6,False,1.5,4.5,2.2,153360000.0,171940000.0,0.1212
869,29,1.0,False,48.1,3.0,2.8,139130000.0,165920000.0,0.1926
870,52,5.1,False,33.4,3.0,2.6,84000000.0,93900000.0,0.1179
871,52,36.6,False,46.7,1.6,4.9,165590000.0,181190000.0,0.0942
872,18,20.9,False,13.3,4.9,2.2,73050000.0,81430000.0,0.1147
873,39,36.7,False,30.6,2.0,2.2,122820000.0,145610000.0,0.1856
874,46,16.4,False,33.9,1.3,2.4,154170000.0,179710000.0,0.1657
875,25,11.8,False,15.9,3.7,3.3,88210000.0,93910000.0,0.0646
876,28,19.2,True,42.4,3.4,2.0,74500000.0,78040000.0,0.0475
877,54,16.7,False,47.4,2.7,4.7,102680000.0,108070000.0,0.0525
878,31,4.0,False,44.2,2.7,2.1,167230000.0,184100000.0,0.1009
879,47,24.4,False,37.0,4.1,4.6,187390000.0,215280000.0,0.1488
880,52,8.2,False,13.9,1.8,1.4,118120000.0,130010000.0,0.1007
881,38,23.5,True,14.1,4.3,3.6,139060000.0,140950000.0,0.0136
882,54,24.7,False,48.2,3.6,4.6,182590000.0,209010000.0,0.1447
883,22,5.8,False,0.5,2.7,1.7,37740000.0,43820000.0,0.1611
884,36,2.3,False,35.8,2.8,4.9,61770000.0,65350000.0,0.058
885,31,29.7,False,35.3,2.0,2.8,147600000.0,167200000.0,0.1328
886,43,17.5,False,31.1,4.0,4.8,168270000.0,182630000.0,0.0853
887,21,2.2,True,49.5,3.1,3.7,174270000.0,205260000.0,0.1778
888,42,37.8,False,15.6,2.3,2.2,94720000.0,110730000.0,0.169
889,42,2.2,False,17.0,3.4,1.8,36080000.0,39870000.0,0.105
890,35,26.4,False,3.9,5.0,2.2,98800000.0,112460000.0,0.1383
891,25,37.4,False,22.1,2.7,1.4,61530000.0,72400000.0,0.1767
892,56,9.1,True,13.1,4.7,1.6,72420000.0,79600000.0,0.0991
893,31,5.4,False,17.2,2.4,1.4,159010000.0,168970000.0,0.0626
894,49,4.6,False,41.7,1.2,2.7,33590000.0,38650000.0,0.1506
895,55,11.5,False,46.8,1.8,4.2,168960000.0,176400000.0,0.044
896,50,3.8,False,9.3,2.7,1.6,96980000.0,104520000.0,0.0777
897,40,26.3,False,18.6,1.9,1.5,127290000.0,149330000.0,0.1731
898,32,2.4,False,46.4,1.0,3.6,36140000.0,41380000.0,0.145
899,50,19.4,True,3.1,4.7,1.8,80720000.0,87240000.0,0.0808
900,42,37.9,False,4.6,4.4,1.4,36150000.0,37700000.0,0.0429
901,34,30.9,False,8.1,4.0,1.7,193080000.0,206830000.0,0.0712
902,50,23.4,False,29.8,1.7,4.7,165310000.0,174700000.0,0.0568
903,19,11.6,False,7.5,1.5,4.3,102730000.0,106350000.0,0.0352
904,31,23.7,False,48.4,1.3,2.4,60250000.0,69210000.0,0.1487
905,56,20.0,True,22.3,3.9,3.6,188020000.0,197500000.0,0.0504
906,23,16.2,False,25.1,4.7,3.1,82030000.0,89480000.0,0.0908
907,23,5.0,False,12.3,2.7,3.7,48980000.0,52760000.0,0.0772
908,20,33.7,False,23.5,1.5,3.7,121370000.0,145210000.0,0.1964
909,24,17.1,False,33.1,3.0,3.5,189880000.0,204730000.0,0.0782
910,25,7.4,False,37.6,2.4,2.1,20690000.0,21020000.0,0.0159
911,32,14.0,False,37.7,2.5,1.2,62860000.0,63990000.0,0.018
912,46,15.7,True,28.9,3.5,2.8,188920000.0,211240000.0,0.1181
913,50,31.4,False,45.2,3.9,4.6,50800000.0,56890000.0,0.1199
914,47,27.9,False,40.9,1.4,3.3,40380000.0,43760000.0,0.0837
915,56,29.2,False,37.9,1.1,4.3,122630000.0,133220000.0,0.0864
916,44,0.4,False,2.8,5.0,5.0,175130000.0,177020000.0,0.0108
917,53,15.8,False,0.3,1.9,1.7,105880000.0,116820000.0,0.1033
918,46,18.3,False,10.6,1.2,3.8,199020000.0,219110000.0,0.1009
919,55,0.7,False,33.2,1.8,3.7,142250000.0,146500000.0,0.0299
920,50,9.9,False,20.6,1.2,4.9,33330000.0,34020000.0,0.0207
921,54,28.9,False,20.1,2.6,4.9,198710000.0,203620000.0,0.0247
922,44,5.2,False,44.2,4.2,3.7,93420000.0,95310000.0,0.0202
923,50,20.3,False,44.8,2.4,2.0,71730000.0,80480000.0,0.122
924,21,8.2,False,45.5,2.8,4.2,120420000.0,125150000.0,0.0393
925,39,0.5,False,15.7,3.7,1.4,74780000.0,78540000.0,0.0503
926,19,9.2,False,34.6,3.0,4.1,35560000.0,36790000.0,0.0346
927,27,37.1,False,13.6,4.4,4.6,20260000.0,24140000.0,0.1915
928,22,30.5,False,9.5,4.5,2.5,100930000.0,118180000.0,0.1709
929,27,36.5,False,9.2,1.0,3.5,170640000.0,178510000.0,0.0461
930,50,18.5,False,17.1,4.1,2.7,123020000.0,131080000.0,0.0655
931,55,4.2,False,21.5,2.8,2.8,199860000.0,208250000.0,0.042
932,30,20.8,True,41.5,5.0,2.2,71630000.0,78680000.0,0.0984
933,48,17.3,False,6.0,2.9,4.0,70480000.0,70760000.0,0.004
934,53,32.1,True,36.7,4.9,4.7,48750000.0,55300000.0,0.1344
935,41,3.7,False,26.6,4.0,4.8,49530000.0,54710000.0,0.1046
936,32,18.6,False,14.4,2.0,1.7,71330000.0,84150000.0,0.1797
937,46,5.7,False,24.6,3.2,4.5,162710000.0,168060000.0,0.0329
938,25,12.3,False,15.0,5.0,3.9,183040000.0,212480000.0,0.1608
939,22,28.0,False,29.8,4.4,2.0,195520000.0,226490000.0,0.1584
940,46,18.1,False,21.7,1.4,1.3,61810000.0,63380000.0,0.0254
941,21,14.3,False,8.2,3.8,2.1,178630000.0,192870000.0,0.0797
942,29,15.0,False,5.8,2.4,4.6,79090000.0,81780000.0,0.034
943,19,17.5,True,27.3,1.0,3.5,40310000.0,42360000.0,0.0509
944,44,29.8,False,45.1,2.6,3.9,176600000.0,185900000.0,0.0527
945,48,33.9,False,17.2,1.9,2.0,134500000.0,149460000.0,0.1112
946,53,36.3,False,36.7,4.3,3.9,49650000.0,53740000.0,0.0824
947,53,29.9,False,32.9,2.3,1.1,97370000.0,115830000.0,0.1896
948,43,12.0,False,46.6,4.3,2.5,71710000.0,73520000.0,0.0252
949,44,26.1,True,41.0,1.0,3.5,152620000.0,182340000.0,0.1947
950,22,16.6,False,28.3,2.2,1.6,101610000.0,106300000.0,0.0462
951,37,9.7,False,32.9,2.0,4.3,198070000.0,228690000.0,0.1546
952,28,32.0,False,44.9,1.9,1.9,29850000.0,31870000.0,0.0677
953,27,1.5,True,20.0,1.3,3.6,83900000.0,86300000.0,0.0286
954,55,34.3,False,16.3,1.7,2.6,106740000.0,125050000.0,0.1715
955,23,17.5,False,0.5,3.2,3.4,110560000.0,117390000.0,0.0618
956,25,24.2,False,41.3,2.2,1.4,76870000.0,87000000.0,0.1318
957,40,25.1,False,40.0,2.7,1.1,151260000.0,168400000.0,0.1133
958,43,34.0,False,5.2,2.5,4.6,177450000.0,194190000.0,0.0943
959,29,24.2,False,28.8,4.5,2.1,188970000.0,207710000.0,0.0992
960,43,23.3,False,23.2,4.6,4.3,164920000.0,189070000.0,0.1464
961,30,2.5,False,5.9,3.0,5.0,173100000.0,176140000.0,0.0176
962,35,19.7,False,49.0,2.3,1.8,119100000.0,135020000.0,0.1337
963,42,5.7,False,10.7,1.4,2.1,168660000.0,198880000.0,0.1792
964,50,28.0,False,3.4,4.8,3.7,74630000.0,75490000.0,0.0115
965,29,19.5,False,29.7,1.2,4.9,91730000.0,94310000.0,0.0281
966,53,25.8,False,36.9,2.2,4.7,77040000.0,88080000.0,0.1433
967,21,1.6,False,1.6,2.2,3.0,104130000.0,113240000.0,0.0875
968,22,3.2,False,32.9,2.3,4.2,71400000.0,77160000.0,0.0807
969,54,27.2,True,26.6,1.7,1.5,193090000.0,198380000.0,0.0274
970,25,2.7,False,5.2,4.1,4.9,76310000.0,84040000.0,0.1013
971,45,2.7,False,8.6,1.5,4.9,37650000.0,38600000.0,0.0252
972,48,0.5,False,28.4,3.5,1.7,114830000.0,125780000.0,0.0954
973,26,36.3,False,14.8,1.5,2.2,30280000.0,34900000.0,0.1526
974,46,28.0,False,46.9,1.3,1.4,39900000.0,41960000.0,0.0516
975,31,13.4,False,40.9,4.6,2.1,59490000.0,65210000.0,0.0962
976,39,11.3,False,49.2,1.8,4.3,103580000.0,124130000.0,0.1984
977,28,13.3,False,13.0,4.3,2.5,97990000.0,111450000.0,0.1374
978,40,29.4,False,48.5,3.2,1.4,163940000.0,191530000.0,0.1683
979,18,25.1,False,21.6,1.3,2.4,153110000.0,165810000.0,0.0829
980,54,7.0,False,17.4,4.8,4.9,96740000.0,111600000.0,0.1536
981,38,6.6,False,2.5,2.0,3.5,80070000.0,80720000.0,0.0081
982,43,3.7,False,2.6,4.4,2.7,76960000.0,78850000.0,0.0246
983,53,25.1,False,34.6,1.7,1.7,159320000.0,165790000.0,0.0406
984,40,29.0,False,22.9,4.4,4.9,29370000.0,31730000.0,0.0804
985,18,10.1,False,11.3,1.1,4.3,22310000.0,26080000.0,0.169
986,32,0.8,False,30.7,3.0,2.1,163200000.0,174500000.0,0.0692
987,38,3.1,False,12.6,4.1,1.3,105890000.0,119750000.0,0.1309
988,26,36.8,False,28.9,4.7,1.2,43560000.0,49740000.0,0.1419
989,26,11.2,False,18.0,4.6,1.5,62400000.0,69720000.0,0.1173
990,27,29.2,True,41.2,4.3,3.3,187850000.0,201270000.0,0.0714
991,43,23.7,True,41.0,4.6,4.7,174710000.0,194870000.0,0.1154
992,52,14.5,False,23.9,1.8,3.0,147760000.0,157870000.0,0.0684
993,42,7.8,False,17.5,2.1,4.4,106800000.0,108590000.0,0.0168
994,43,4.6,False,18.1,2.2,2.8,113660000.0,136230000.0,0.1986
995,28,23.4,False,40.3,2.5,3.8,195540000.0,200510000.0,0.0254
996,55,29.4,False,16.4,2.6,3.9,193840000.0,196640000.0,0.0144
997,19,24.5,False,10.5,3.2,1.7,58750000.0,69070000.0,0.1757
998,24,20.2,False,4.2,1.6,2.4,166000000.0,176020000.0,0.0604
999,35,1.6,False,23.3,3.8,3.5,55500000.0,62720000.0,0.1301
1000,44,36.8,True,24.1,1.7,1.3,58440000.0,62290000.0,0.0659
